3cf7fe3c65ea196be41b294ea6e94e11fc3d34d7,[ 25.71664595 140.56855517 140.57151846  58.73151648]
939e7592ea5c2fff496b5bb3ff26353e96650429,[ 7.80267374 37.58206888  3.25936191 90.70749636]
7850a2df97e167586a9559486325844ff755a816,[8.30693732e-02 5.20935726e+01 6.13059543e+01 1.16765057e+02]
53efe38c449be16a17befef24583f881ef3f7616,[19.00328076 29.70384443  0.          0.        ]
f125cdd5d1f120931c954db8ddf9b27fc81979e4,[ 1.02113939 14.95670584  2.31550739  0.94361078]
c618d1f06c7f681daa3fb5643bfc4764a2f1add2,[9.04129984e-09 1.50688331e-07 6.38160000e-01 0.00000000e+00]
34778a1ae7edcd03c68b9f64dc2b79e48a51c017,[ 0.31527393 97.33780867 94.07254507  6.75457983]
64bdeb954884f8260892fd0631fd9ed724a0a3d0,[23.7336303  50.76682728 28.59214321  4.47295675]
07e9e3920c3542c2efe483980cba1fae45a936bd,[3.81600000e-02 1.00000000e+01 1.95400000e+01 1.13104596e+02]
30d26ab6b661137d178d82eff62b67da439a5e9c,[3.79440000e-02 1.00000000e+01 1.96000000e+01 9.89872352e+01]
c259025f1691cff3adeaccebad434189fcf47f7e,[89.84211588 19.         27.1         0.        ]
5f09f850b66f2e187413f6d98e999c9da2c60bb9,[10.  0.  0.  0.]
aed424abf837603032459cfadb73feebdc51bc7d,[35.22367979  0.          0.         10.73904898]
e5b0a3726a6f317b7cb5377e7007e6e89e56dda8,[23.1882998  0.         0.         0.6      ]
deafd8732cddb4bd6e59e8f7937ea1c78a0af357,[ 6.71811317  0.84002258  8.48323778 78.66733748]
177dc9baa2596658454c42f06206a11a74dc986a,[2.8064578  2.89142285 4.65364174 5.56504445]
83ac88c94f30d80de31f6fc8841e0d7ab37f4aef,[ 4.52185236  9.52977298 18.2550568   5.97363841]
c5499d1d21c4ef7f27ea535add55275dfe06251c,[3.30995256 8.13597416 9.08290168 2.95722406]
dbcc9a7a09ff5329d4aa47755a38ea8387532e00,[  4.37533077 120.494469    17.15396759  25.10089752]
f29df693c139f903cdb8e5634c060682720a47e4,[2.96827224 7.01764345 0.15920859 0.        ]
1db39caebe49241ff9987d3f47cba077cc423705,[ 0.  0.  0. 10.]
f3bc871bb8d7c122717f1c25bae96d84cbb27b7f,[ 0.25323662 34.73336379 21.42720219 64.30913835]
6f01bd1967679d73ac9f9732ae9869a2862eef12,[  2.57850254  50.57418178   5.00674448 110.47962114]
cdeecf929df95b43a9cc14652b9d89795c17e579,[ 17.66286607  64.64459681  38.48891873 117.89323446]
92e2351ad52ca1489322b2e8819e50a8d6413f83,[ 0.          0.063504    1.64129254 60.71345306]
e1cafc424e48f8f570382c0a1a6410903fbc5f00,[ 8.55550958 19.11433629 12.54645949 11.13673345]
dbf2f67794fada70d3cb888a67dd703691a4fd2d,[  9.93713922  95.44876885  29.43732144 134.86936857]
399e6058b1416d34e7ee6e85ae4d06f613dbe062,[ 5.82802575 48.97959147 12.43561189 28.31159138]
243e14c1df10a36bff4c24a18f332406329a8d0a,[ 7.95866508  8.78747689  1.03727704 72.3923121 ]
71c32ccd9510b7c3d3b0e3a1c56e4253347eb685,[ 2.6905819  35.8430317   1.7716917   3.23837052]
91c6aca7ed907fa1a204988b469779fd7e793271,[ 6.25260445 49.89805469 17.6619408  18.50099524]
daffbb94fceabfd4cf5e60c5187a23e8e14ebd7d,[3.39524523 6.10389067 6.27837484 2.55283162]
8544eb6d9d6beca5a884885e751f40e8ab3e1d86,[ 2.7939619  11.25347889 11.69135995  3.55680356]
ea856df3eb138b5facc29fa4edc8b8ccf6f91af4,[2.51266405 4.85519871 3.82134827 2.6575213 ]
74cd6514bcd2f8277b8c5346ef88e0da750d24e8,[ 3.49244894 99.28875783 43.78700549 34.15607256]
bee6df761217222a359fda3d99f4a3b7872f97c3,[3.23547931 1.62630699 0.78470526 7.32364441]
a95caa42baa0bd84027dcdd74ebd04de7b5f5f96,[4.40095969 5.90515996 3.89883267 3.00965951]
75c8cfafdd263f10cad860ca6785392af7f94503,[0.6223023  6.51434724 1.97253102 0.32283979]
3924c23b105f95f5b8059f8632c7dd0b1b66b047,[ 0.27336863  0.79749114 10.          0.24072749]
66891c96068c38977fc43e0ebcc8222fecda6c67,[ 5.58164161 12.11137076 11.35344492  7.1409702 ]
14a1d102b4aa56db86397a649fb45386420126c4,[ 4.99493411 27.0085208  14.85462227  7.06872764]
9d043573609bcb3a262c40a2d94d4d99b962c620,[3.97974896 9.78399763 5.46467227 5.10866595]
80fb2b423cda3933088245eaa11c9314f09757be,[  6.09661397 101.95378539  44.106417    18.20527413]
be5905edea481f9816428dc087ef9138257ddaea,[ 4.55522495 13.56578987  7.26825953  8.9378646 ]
137b72a8a13159a456b3f655ba0140c13d4e40bb,[ 2.41760213 98.62616987 42.83759775 22.61921879]
ec31bb2ef50c5c5b47499c2407cba28b27aa16be,[ 4.74292201  8.04534616 10.01373414  4.0197742 ]
516b959e0cc80eb15092eda18a664475ac1a11d2,[7.01496000e-02 7.11367558e+01 6.88234958e+01 4.76721222e+01]
34b162a79bd6f7f56900009ea48cb74a01239830,[0.         4.50990495 4.73221013 3.83702889]
16fc30d8097b9a7fd612bd0eb86ddf503a733a44,[ 0.69213575 59.48403738 14.41310346  3.86718027]
00ce94e89c399ed61f257376e750ef263527ce76,[ 0.24124447  0.          0.         12.69561184]
6308cee262d51dc146572a08b03ae92d1bf7e771,[ 4.61919789 27.1684      2.6394     77.60095877]
9341d1aa7c7d0751fab31f4c34ad05c9ca0045c7,[ 2.9013756  18.37107689 36.85789423 17.50600614]
f30688b3ee8e768d41c9fae99e8be32c431cf6eb,[11.68550207 45.18132347 23.51782115 11.98896756]
09bbdb328bd0f3ae99e79f88161828aca23902a8,[ 4.61854001  6.52651142  4.01862873 20.67985261]
003040b55a6359c3ed209e3e95b6c7074ffe3c2f,[ 0.75451821 73.02916226 13.88018698  1.03355128]
d8e3e503786ce9ab89d3d9751549151d5500f3e3,[  8.17208273 123.3919214   29.18343831  20.38984862]
f1423985ff1767a071f21671602fda37e6e1651f,[  1.41638146   4.53633111  11.61745515 101.04199824]
2a16b504f14262b304de2beac2e518e7026d57e7,[  8.3548017   32.83094338   2.60600728 112.49778941]
e9a07325d37df6a0bf0dbf91502c8dca1add12e4,[ 9.92006048  6.89407859 15.25539784 14.46351667]
4971c4b8edd0f881120df8c782fdb1b48bdaff7f,[10.16848941  5.34066405  5.4761689  10.80176066]
bf7de03e2ee9f68815dd1a0ba84b10c358e18b97,[ 9.45584471 28.66777648 49.33368723  7.21628343]
24bc4119e9baa61405778f2d67adaf10821d3383,[ 18.21319195 101.81419336  60.79496704  23.70359776]
7a0c2a9753e3a060b80a3dcf214c0c19b0f26e9b,[6.74736726 2.71101119 2.13574082 2.42919881]
6452521cbda4228ba77c4e3970cb9901a3b5cf61,[11.43432839  2.48262521  4.26399648 17.38507811]
50b959a99915d69741dd610029c2e125c5272ea4,[4.4011836  2.44001164 4.1914063  8.5052242 ]
6406c7979df096e556b7a60078627d4aa152c3f9,[15.65528856  1.29422916  0.60080151 31.41669639]
be059e324403ba34df151f8193779eaa7f2e743e,[  7.95879823   5.10027557   3.51121427 112.99827238]
8ae4eba5cb8a6dcb949f18e6157ed8c6a6de8868,[8.83648068 5.45038641 6.71499866 7.66168344]
c855e0e1834cb7e615073dc54cc2d0e8885a0f5f,[7.27020574 5.4275723  8.26268953 5.46388378]
767416f07ce40744386a2aee0f548858faa9becc,[ 38.26264846  67.50109451 129.09637595  29.9444736 ]
0b5110a6e4a48fe562cc893bcc33d81463880718,[  9.06528564  47.62158343   8.37612805 106.00104403]
4f1ee57f41ce54f62d4a43ad21ab73d4ff87d342,[10.50952361 44.27915129  5.14913281  4.66032951]
7db01da867a945e448981509c134568624435168,[ 0.         20.14       25.69569469 11.3474337 ]
ac151b3a5f50bfb58ca406b36f597cea1767eddc,[63.51770152 91.11147645  3.86345118 11.31418387]
2c96a2ba346b4107875410aa63c61d2379fa86a1,[ 0.         11.26749268 19.54        0.        ]
31db7904514036576f63ca7c38d82769111d7226,[0. 0. 0. 0.]
ae6a56d19be8cbbff9b2f239789fe8444e036445,[0. 0. 0. 0.]
f07c21e5cb3972004a30bb89cde33cf898290911,[0.    0.636 0.6   0.   ]
23655d62317dab1a726a9f22358231ecc8e014c5,[ 0.         10.          4.74851775  0.        ]
bd5269917e480080883fdbf0f1c66ad9a1013456,[ 3.84954912 30.67663872 69.99907905  3.96480357]
e4f6d96353d4e3f590011d23037b3eeed6450873,[ 0.7219137   1.20743467  0.49965074 66.3835769 ]
276a9d0110af3941061e21ed03947ae3e863bb94,[ 0.         10.636       7.84361552  0.        ]
8dc7316f4eeb66235ec7c98671adcc5456d4b0c4,[ 53.13247316 132.34393909  74.79414042  10.74537019]
006c2857ebe7b8dee09cde0d9e8da33371581060,[ 1.27685221 18.26490954 41.83888054 22.41775677]
3e14316a616159c682fb3f4f765b3291184f8df9,[1.72883252e-02 1.00000000e+01 1.03729951e-03 7.19809546e-02]
2b6ebfab15d7aa650acdcdacd0c36709408dc629,[ 1.21448406  5.61177297 20.24140097  1.59085835]
907ccfa1293694b9e2d8b8db4c54d7f9073a7ae0,[  3.459101   106.34323926  55.5735749   36.21808989]
bcc6546a79b585a8af470c3a59c74323991e7040,[ 0.24047376 28.78       10.74683538 81.20213786]
fc058f6ce0497cce98c6986438622753e1aa5e02,[ 0.6        12.12877024  2.2421976  10.        ]
d1e921548ee1f987ccb2957fecd12dc11f7dc452,[ 0.         10.6684      2.5131907   4.35003387]
43817b92b56982ba458d1a9cdc88dcc3ae37b5f0,[0. 0. 0. 0.]
0fc0cbc26fdc0f69a0a594ed85566eb156159aaa,[ 0. 10. 10.  0.]
68a8b41968e597ab3070a8786154c422fd77f87e,[ 0.  0.  0. 10.]
bb03313822aa79ebea57caa03341573164c93750,[15.75971434  2.16312     0.         43.11736   ]
1b90ec98c4e92d9ed2c4a32eb3eff5ace9572a07,[0. 0. 0. 0.]
47c81fefd4bec95a9ca727dfea2e008ce344ec67,[ 0.  0. 10.  0.]
14c734dcb80f9c3df81f29a08d80b49946f91a92,[67.20625485  2.41245321  0.          0.        ]
a448885d3ce32d5484c6d77ebb20ad7089ef794a,[ 5.04812034 95.06580576 44.42660339  4.57712259]
df0f53e03e1d409adcadcf05b7cb669ee8c7fe13,[ 0.        0.       10.158364  0.      ]
7c2e99f1ddfb11a808d9008def5cf7bf91b94dc0,[4.06911048 0.         0.036      0.        ]
5e6b000779c3d0163bfa0432278867d5a57dde28,[ 4.88296354 11.76031802  0.91292461 71.8318886 ]
dd89370536fa2652fd0b8fe0ce1b2377efb9e6db,[ 0.94110019 29.76394162 72.72141911  9.95502564]
9dbf07dd49c2011c983b50754c0d33ab8cd13bea,[ 0.31541131  5.16778328 10.20266986  0.01329916]
f771312e5aab6acbe88e19fbbf06fb2eb9c6cfc7,[13.09783955 50.79042872 14.58617561  2.48466511]
8f4d36a984f2c4e399109d35cb18fe92c4562025,[ 0.15613897 19.6         4.8158376  38.79559068]
e538f630179f4edbc1a1562e019086b10bd5dc85,[0.33652879 1.15426871 1.50917599 0.63942012]
9ef6cc164dd8fd6fab8833a99d63b351511918fd,[ 0.          0.         10.         69.23039005]
eaeeb82500895876a69542b74a5b5fa0dc7ca912,[0. 0. 0. 0.]
552811050346bf68941d4584d47b6fe7cbe551c2,[ 0.         50.0357202  36.22863942  0.640104  ]
ea0c1d3377c2ac7368904517c9a365c0de9e4fb0,[  0.18283177  38.3983091   42.97463927 115.23781639]
4e2eb8cdd396941466cf1618e320a0e5be0bb974,[ 0.   0.  10.6  0. ]
b21b8a14bfc6f81209384499c7cc80fae9059f4c,[ 0.636      20.76031802  0.          0.        ]
a7c07540a8bbacad51c2b022ebf53aeec8961c8c,[ 0.          0.          0.         26.23631677]
ebcbb7c3aa9b79db089157136acb5aee622b5ed3,[130.59821472  89.02881109   1.90827122  58.8194311 ]
a4dc48752cb9a22d02cb651317ffa371657933e3,[19.  0.  0.  0.]
d9a21d4e9e59b86fd561d409e8c772ba97121445,[ 0.     0.636 10.     0.   ]
192bec2a806653694b06e33c9fa05ca168796bfc,[ 0.          0.          0.         15.53155156]
26c3fe7930d1be0f16fbff07d4f28cd6c1703348,[20.14        0.          0.77726437  0.        ]
1ab789823f4e90d5516b2c8fe93978f3d544c444,[0.        0.        1.7948616 0.       ]
50ebcf737fc2f9f5b4812139a614804e49b80023,[ 0.  0.  0. 10.]
1d6f9e1bfe22d2dcb81dce3207f90713c48a7d4b,[30.61906   0.072504  0.       11.626   ]
6636110001e73232a537f4bbe30199acc45faf5e,[ 7.84693616  9.91015427  2.8960522  93.50932338]
9032aed4cd45a990b6bab3c2dd2b23202ef2a412,[ 0.       12.984457  0.        0.      ]
be4672f798c3287b5fdb9b12b4b765fa6b9b49b8,[6.51431712 4.39781193 0.97184232 0.        ]
2acd05f8d893a0f95c2f65157a424c6a40f74b11,[ 3.13013983  0.57592793  6.65435201 48.13624457]
d61c932f506b96a72b9f45d788b15036a3f781c0,[1.25913642e-03 3.00237576e+01 6.27933924e-01 0.00000000e+00]
80adc4f904f440fec6ebf9caa7c45e3d738e9198,[ 6.6855695  29.5422511  22.83614608  5.12575739]
850bd8a65e0eaf5b22d2c3c4e5eedffd00140e02,[ 0.25640575 19.61705569 10.          7.0420281 ]
97c23f6f2c88511cb9df2cb47094899fa5b73b9e,[ 7.93262628  1.37939435 24.32960087  0.        ]
3a50b860b19a5d8382edb89cd9d6465fdcaffd6c,[ 5.7129667  20.24740267 69.55837431  8.64030054]
a36358f57db2afff3bae06b6e595f6a5396d24af,[ 9.34028033 16.42882216 54.72495729  2.77989179]
48c8a158a47dd632af41d703f930507c463af1f6,[45.75437033 25.89801297  0.          0.        ]
537400f7b33dbae115a4e14fc4e278b0b6a25d9a,[67.70758341  4.4908915   0.          2.1747714 ]
806e665c000246b0c0aeb7fb508b8c0b2dd07a89,[2.16000000e-03 1.73645395e+00 1.20994000e+01 3.82099293e+01]
7bdb61c5f2baaa42d29bf284fe310c50ff937864,[38.01837273  0.60606324  0.          0.        ]
0620ef47294a9b00582b192b151e8e1082a722b8,[ 7.66271893 49.81545987 89.08094655  2.08698419]
d14da2db359ed807c32e3b5c3b0e34595e792415,[22.03718358 29.1311767  62.88060351  3.17768474]
9a6280726d649c49dfb69382e0f2e9623a057474,[75.4121938  34.9991742   3.85117137  0.11826266]
03bf654b585083ef654628bdc08f51338d20e08b,[  4.15289001  49.22598559  12.7126462  130.66905299]
5a37bb37a0651bf09b10aac82e88b4e474f636ff,[ 0.          9.96888804 21.76709916 10.        ]
b14b6d5627f35a2189856edd49fee1e0560f7853,[ 0.   0.   0.  10.6]
9ff80ac65e9edc28d1a0fd5957c5c34992acf5d8,[ 0.6         1.11493827 20.36964011  0.        ]
d4061b3821c32257840ffee2017b27481f5b8a45,[ 0.         23.739595    0.          1.70245861]
cc0c9d864ae6baba013afb7f478094ca549a5eec,[ 0.         22.17358822  0.67786672  0.        ]
0184c3078187f1974de6a5a3733694a63c6979ca,[ 33.92827534  49.64883706 102.97506662   3.52497858]
714641eeade0531c0ac97b4171cf0c825f1cdcae,[ 0.       20.20156  11.180104  0.      ]
4d3153c996e29dbf1020c589d2d6df94a4647499,[ 0.          0.6         0.         45.69632875]
d1764ab9cce5f465da91129ac3a6502ae6618234,[1.94400000e-03 6.36363794e-01 0.00000000e+00 2.01454569e+01]
9f4e7a02a924f9c2b14445d3f7b5bf026c60cc21,[ 0.6324      0.         11.75359538  0.        ]
d1f9608bf399d9a44cdae17bb4897ed1f1a28940,[41.21293685 25.94240333  0.15679974 36.13959749]
1aef101d57541b731568374b7b88afc128abf36f,[0. 0. 0. 0.]
5354484d3281dd8236b2242dd1fc28adfe86b9d9,[47.3959  0.      0.     10.    ]
9899925ec0302bacbc9d4ad72fe1d51474d8cee0,[37.04571315 14.75623944  0.          0.        ]
9899979c6ef0de33aa20994770d7efbdada02ac0,[0. 0. 0. 0.]
30f0707538def58b49a65c0479b6ad12ef61d428,[ 3.16077488  3.14190739 27.72609546  3.16077488]
94b543d9e1d3e5673519fac14acf640706e197a6,[ 1.626      14.13157353  0.03165227  0.        ]
b4d96199537b53703d29f0f7faa9118ad8984311,[ 0.          0.         10.59437162  0.25044844]
1f77e5226ae1b93828405a50ee3494c739f26df7,[0.87132641 6.51656477 2.58418501 0.73514746]
a5b498b1054f7f86d8ee41cdd455b79a7b0ceae9,[59.83271519  2.49413493  0.36331344  0.72697736]
b02a3c2002cd718d8aeefde25b1b8af620a64f87,[ 0.          0.          0.         22.62879242]
ec03145adf12ca0a527afeac5b17508c4375b621,[ 0.23315086 10.44321217 19.7071072   0.        ]
838965186ae53b6fd613aa12e3b0c2eee06da563,[ 0.01773329  3.78668811 10.          7.78722464]
a988971d92e9a61514abee4ee4170236a0834b88,[11.11515996 27.9933924  73.53625567  2.02723271]
1068e6afeea8ac5fbbfe4cf14a500a9489662586,[ 1.96449596 37.4794     41.57654767  0.        ]
65e51dd87257fd8b1a0f0c2c72a020fda9fcb22c,[ 0. 10.  0.  0.]
4642030d25ce46b13ef38ac1a94bf87e15345660,[6.93875267 1.17780092 1.33979945 1.53707561]
e57ce0740c4e7a6842228671f12c3cc2bc29efd0,[ 7.54833688  1.60032683 50.37999285  2.37202525]
dca64ade21ec1c00d4d488e4ca4bda0e0a1482f3,[74.21720293  3.34775808 27.7684      2.09162333]
297e3f8c3bd2eb88d7d4763062a66f15780deab2,[20.17240028  0.          0.          0.        ]
9b8cb7aab10c8c07d49cc396065957ae296b6c6c,[108.50648958   4.57128167  12.8052944    1.34449703]
8ccf0a1e051e68d4cdc35e3c79a28c51622a3999,[ 5.97663648  7.57827129  2.57023133 25.78862448]
056d582d022025fd4c082eb461b4a78ef379bdf9,[ 0.6        16.21101465  5.31824633 36.11356   ]
3feeb91d3bd40d9ec1cd76246fe2b4f5e8e748ff,[10.         25.11524034  0.         10.6       ]
59c9a7aa6dffd2472450013c2734dbdf8dc0ca8f,[ 0.  0. 10.  0.]
2a7cbd4581e9f07416cf635ab0c97cd68360ad9c,[ 0.          0.          0.         22.01277621]
5bd1dded4cfe328eba00487882bcfcfb433d0c76,[44.00017519 14.37000435  0.          0.6       ]
e2507ba15daa61f1d7a3a703b66bec9a87fc1ff5,[0.0000000e+00 6.2664589e-03 1.0000000e+01 0.0000000e+00]
bdc75956c1c58b675fb6202376039bd678662e2e,[37.99573642  0.          0.          0.        ]
44d5535b49d19969b78fc446ab3c8fe5c547a9d1,[ 7.68079538  8.09044788 42.08899053  5.71755924]
a29d0dda8c29936458acb60c6610648aaa081727,[18.70253302  1.36361334  0.          1.70599172]
99fdc4244914a3e68c9293a31109ebeda263ea36,[ 0.11293678 72.83340576 76.52212292  4.37055599]
1acbdae13ade225e6d9cca6084e6d0ecde661e3c,[10.00000001  0.          0.          0.        ]
ffc6f04a32c802f6a3d19b645a58dd809b08b319,[ 2.12821267  2.32925708 19.52012667  1.74732719]
e6b4bc321e06cbdb7d5c68ed41e2faa22274f09a,[0. 0. 0. 0.]
bf2026d24246fcb0b7aa3858c669b6fe31c9f4e7,[ 0.         15.24565891  0.          0.        ]
e214da5ad0da996c83a5e68a1024e123ba9606dd,[ 0.58711684 54.67436278  2.7642912   1.49433918]
be3a2c01fb2e305adb46b100bc2dfeeccc2c3f33,[ 0.90604924 10.          3.99149331 56.64335296]
c976092cb4997b222bed51f5d31265ed03aa151d,[2.84202 0.      0.16452 0.     ]
3bfa2dd12d18ed7b288f9e4357387fd929e6d1e3,[ 0.       0.16452  0.6     27.64   ]
809b6ef3873f2dce534810c11c55a238dd899661,[ 3.5173401   2.7204      4.69080109 35.65740794]
1431cf6374bd18cd24eb707ccd5dddbbddc781cc,[ 2.1902663   4.06504796  0.         48.97315698]
aa27ead44ce717c653eb7607bf23d35aac737476,[ 7.92044088 20.21056     4.62089782 93.4680916 ]
7ad3cfcc3efbe0bd4dd4aafea22388f587d005d1,[ 9.68877238 19.12492658  5.18264196 36.17536645]
7560d26e64449566daba837a669de896064ccb86,[ 0.          0.          2.19463224 62.9655358 ]
47149257b46bde94d226a5d6a1903ebd161ed89e,[10.     1.176  0.     0.   ]
e627abffa9dae681523d7da560f5ee437f0350a1,[10.55318199  0.60000034  0.85620256  0.        ]
34ae54d3074b74fea0b3815c9e62be57a17fe669,[ 9.95947226 89.07635134 92.69803816 27.32260886]
53ae92379072bc9c8761b501294c65b98b20ed7c,[ 0.          0.         11.97995093  0.        ]
663025b7a40ff088e5ec28b86d663b5bd9cdf9af,[ 0.07056  0.       0.      10.     ]
0f25068b9997b550c94893596f91e9648594fb69,[ 0.62303965  0.55959328 10.38399418  1.18377534]
960e508ac53b712febf4e627f923dfba7133e41a,[0.        0.0042336 0.        0.       ]
f81cd0a9eba382057c442c9d4f0d3a0b59fd0f56,[93.02065005  1.83762611  2.12497729 10.37222037]
eb3590910d6b3aea4297eb436785ad0085fbef0e,[ 0.6         0.          0.         55.12082656]
a9a77901ae7251d8d0f44f8f09af045b7b73a6f4,[10.6  0.   0.   0. ]
3df062432af083d55bbd4baeef2bcfe247d82f29,[ 0.6         1.9647784  10.61576435  0.70561908]
ee18e0ec6344362d2c8c548b3b1ae66be2361353,[0.        0.6       0.        1.5008944]
b7ef979658fdb17d6dda938c55c6d150056d3359,[0. 0. 0. 0.]
eeac86beb45324dfb4bfb6167841067a8203daad,[ 0.          0.          0.21484142 40.9385024 ]
aec11633287e9c4080338fefd696134b390b042b,[7.01852901e-03 2.99143600e+01 1.21737184e+01 0.00000000e+00]
b08c2f63fabd677dc5c7c8a607e69120e380aaa8,[ 0.1055553  11.3665402  48.18227456 25.58023513]
061494cc0e332c75033f768ca8aecc5ef99b7428,[37.11068482  1.17883297  1.24150319  0.        ]
61a680eff5631c87bcea212fea42068b6b241911,[20.68  0.    0.    0.  ]
df8dace3f99a145e04f8e949ecb97bc3f5e58a91,[10.15396202  0.          0.          0.        ]
45765b55d7db0c368366f67a3e68bd9e71294855,[ 0.05843664  0.          1.14593939 42.34787473]
8a42682e4e8b16ec2f86062a56ef03d4d7a1da91,[0.6 0.  0.  0. ]
bd829732f8d1fbd6bf3683fe9b8eee8bc7fcd49f,[21.146882   12.55091233  4.9603395   2.69407076]
4ab367048c31ddd502b0b9acceb0418821602c12,[ 3.27919366 42.77924731 14.82480922  3.61418761]
51896714691a14774d5f99bc73288721be75317a,[1.15426696 0.0189047  0.00215514 0.        ]
24ecc966a16a18ceadca3a12297a081a7f357044,[0.         0.         0.00059246 0.        ]
a18d01e24a9e767deb63e9bc8b9eccdc1eeff960,[ 0.          0.          1.03150118 20.78561908]
53f591457a8d1bb5ae88f55808b91da2604e11a4,[ 0.39099389  4.54421329  0.         83.19840441]
c531b9cae25ee6d2d6b6659c327b7a05e058e522,[ 0.         10.6         0.         38.03624997]
afb755586b202b112fb2daffc2212463ebb0abf3,[ 0.          2.31201243  0.935597   62.83653754]
d164d0b27c4915466ffdc5f9807acf0097347e48,[ 0.   0.   0.  10.6]
578adb2ad2ab468ffda3f9966457e3de757b7598,[10.  0.  0.  0.]
04c1c6b2b20eacd7ef457b3d7a2deab4ec04bf60,[10.          0.43751611 10.636       0.        ]
9056ae081c2ac9698720756faaf8b7b53d846377,[ 0.  0. 10.  0.]
c9016b59b063f2852f484af8b5f55f4e3fae0168,[0. 0. 0. 0.]
d01528681e3f59d9c98646004457eded16a7ee5f,[ 0.         10.08972352  0.          0.        ]
3e7279447311acd8a4153b8c704ddd632f9e9612,[ 3.66580889 12.2524576   0.1550511   0.        ]
c75b6119651da90fdc1deea3abf32d5530caffc7,[0.036      5.23583539 2.21172906 0.036     ]
24ae6d5835fe707852a64833d8840dc74322e461,[ 0.         0.         0.        21.4487484]
27227b54744645213a72feab7f817e839f751ca0,[0. 0. 0. 0.]
a916fcc77d3804d375aae8b2f0455a2ba0cae8fc,[19.62303965  0.          0.         10.        ]
d4c62b0b1b4371fcfe22961807168b3555010b7f,[ 1.24296    20.716       0.85669917  1.24296   ]
2ea02787471295908f7d401e44b6d4e655176530,[34.24490448  0.          0.          0.        ]
a7dd65d7b60ecf9f0ef07bfd58bbac07907c2e03,[11.25302512  0.          0.          0.        ]
54031dea8396d1fe999d86cd0f51c32d980a6678,[ 4.61808749 15.31690336 13.9759396   4.35541311]
fc399cf2d007717bbc73561ee6aeb75708274165,[10.60318967  0.          0.          0.        ]
1016e099bd1ebf9d68ebebdd61b8fa7de7dac633,[0.03512699 0.01214495 4.31316171 0.0924164 ]
6433a5416bc98c0f475fa0692eeb2665a5a7889d,[0.16799823 0.         0.00281773 0.7827038 ]
1fa496d66d0c371bd23df4118377b625d08d72c2,[ 0.70512562 11.7520936   1.180104    0.01569411]
ea1cdbd239e29d2c43e997aaf5c37ae1cba3d3d3,[51.5474648   0.          2.67758149  0.18838155]
753324954b2da89d84f3564c48ed6e346d9c3a67,[34.92963895  0.27831886 10.          1.77438581]
dadd8728cc60ec18fa95369982b58ec1c6096d5c,[ 2.69645181 32.99918213 34.50804253  1.0334343 ]
c50c2416729386fd4b28df6f714d3f1618a777a6,[ 0.49098942 10.69182849  1.9940937   0.92634745]
e77fce9b51003357e710fb20866605ece31d8bec,[ 1.68558761 52.35519053 21.7862721   0.43142572]
069e64a685cd996d46ad9d80bc0a23275f58cfc3,[ 4.19054025 14.5832979  60.97083252  0.11030845]
3a9866775a2d9aaba96722ca13691a417de94720,[ 0.69203185 86.73465248 41.5550626  11.13360281]
9c734769d04cfb6b876d83d3adecf71bf373ca33,[ 0.16898395 64.92200565 47.9249752   5.24645396]
ca31d533c9a5670e3a2d962e10140464cf179c23,[ 0.          0.          0.         33.59112578]
2fb87a91f4c34d0b8db9fa9ac84ad83d386b30f6,[39.72315985 10.0585651   0.2645922   1.23363222]
a78f41ef9c42d9f217f01c3439eedbc620b26a90,[ 0.0324 10.      0.      0.    ]
0555d24d83e4b4b73f711af71338c7dd9ef463f5,[0.603126 0.       0.       0.      ]
cb936e3af58a37bcb25845129f3d18322915d2ea,[ 0.          1.59443036 26.57383932 11.41060489]
7420bd1ed250cf833ffa6538efd21178a566352c,[ 1.1477976  41.63759075  6.4428352   1.1477976 ]
90fc1e0aa2d038b96785d5e381976b49a9b4e754,[ 1.73815055 20.55727504 16.48068625  3.1516293 ]
12f8c55c52410f791d88631410406448d48f9585,[ 2.98292954 44.60758792  4.90895278  1.8172176 ]
15f6e7fa38656ae2b5e2b5978661b3217c069101,[ 1.14       36.29165407 51.24924734  0.6684    ]
49bbc090f9bc58d4cc2933bda7bedd29c6fbf106,[2.04073344e-08 7.91561806e-01 2.90113838e+01 2.25427344e+00]
86b4440b09772935d320968e747a9001ad74569f,[20.23981718 16.22089789 90.44985445  2.06845009]
51ea214bb842f0a676b9cb9e303d247f9684ba98,[0.6022896 0.        0.        0.       ]
32a0ac77a315380cfe09f414469019392f3b21c1,[0.6 0.  0.  0. ]
c90e88a1491175283b7f0f8bed64363f67cd9ed6,[ 0.          0.          0.         10.22382757]
31812386ac2c3cbb6c0881db395570d953096430,[1.68637832 0.         0.         0.        ]
e852decfc7ffd57e1557bebdbc6e518643cd3ecc,[ 1.01533734  0.09627471  1.03235396 17.79842755]
9bc4d4c13dc223f3b441080ae2cb819bfcb20238,[10.  0.  0.  0.]
07537669c1ab9e22f46d9477854f12cd0281e20b,[0.    0.636 0.    0.   ]
77d4fe46b322e000d6be1d2092c1c87c073c2584,[10.15985111  0.          0.          0.        ]
fbe270f6f39f5be5c169dfcbe61f3e5b76ab2b0e,[0.52674769 0.3350836  0.6684565  0.        ]
f06bc14733dbdfdd2dbaacb4d2dae4f9dd1a5ec8,[ 0.          0.          0.15985111 10.03610896]
bb42a4a8e044daac75710a42695bb3a7fb0cd34e,[ 0.60454289 11.98141564  0.036      16.24822904]
d03328f7943e86695e412bcb71807d6fbe9a4c84,[ 0.        0.        0.       29.976784]
ca1297fb2dfca5cf71fc11ef52b7467c2d72ac21,[0. 0. 0. 0.]
55b1c53c0b436162940908ab835ba001654d9917,[ 0.          0.          0.         13.30005362]
9e843ca4f9cb8a80d56a770d68a3e31e18b75cbe,[ 0.          0.          0.         32.26002518]
2110bec5e0eb9f953fc0e72fc809906052773b8c,[10.27313196 23.96005265  0.40247649  0.        ]
74e1e0b8222a45b00c5bf9a59b827434c7994a67,[ 0.70847589  0.          0.         25.40259615]
16a4f3d91d17b39dfcd237c3484a63a5d39c07c2,[ 1.20851949  0.         10.6         0.        ]
655b08f8096853286f682c8cdcb39c2e63ca804f,[ 1.99676673  1.83847412  2.26172422 19.42031714]
4dfa8c10ddbc9f2aee75485682cedd4ca15f9b50,[0.         0.33147764 0.18221229 0.        ]
3f75d0a5a381561ead015a81435a1444962ce590,[ 0.    0.    0.   11.14]
d0b56464afbc54128a279eae8e37dc7b21165ca0,[0.         0.         0.         1.64138485]
ee7a0b49f95a8b816ff41978515df88fdeb5b398,[16.60825359  2.97488596  0.          1.39532978]
131568f9ad173dcbe8de55a74b45c631453701e7,[24.11740703  0.          0.          0.        ]
7dd3bd089016a8ca86d0f6412e3b22fac788e278,[10.72713424  1.63496822  1.05308943  0.46217409]
4151940649a25314856739a5c03c6b722b5dff31,[ 0.19890726  8.27496635 12.317483    1.17386998]
6ba8371110bc8ae6e6932ae928d50b51cec6e21b,[95.21435463  0.92908724  3.99159178  8.71049646]
4400b29b6fa073c7c22f2a9b71afd6c392ecc386,[10.72378454  2.46850527  0.40556395  0.        ]
7c4b9f599ad8626d4b3048b26f29a88ca15ec20f,[ 3.38766926 36.36507433 12.7477289   3.24880261]
f9a4134c42ef1b0ab417772ba13bcdae2fdd2f76,[ 0.6        19.67786672 13.89929825  0.        ]
98e40462289616d18ad5de64e83fd69c8fa8fca5,[1.14 0.   0.   0.  ]
c8c834be2d5f0ee0f342c368b6391d9321c41ee5,[0.         2.21462878 1.20840102 0.        ]
8cbc91d0b18b80bf62a4ae27c19cea28f8f6a8a6,[1.84958246 0.         0.         0.        ]
84976d9bddec4b128e78f7edb4912602dcd79f53,[28.25553433  0.          0.          0.        ]
78e47fa7bbf8bf657f5774442da651e847a6934f,[10.00000002  0.10187281 10.29800332  0.        ]
ec3a75e7bbbb7cf8771e682865fa4c3c7e123008,[ 2.07913021 15.88264313  2.2938017   0.        ]
9482a3200d3f6324f73804b53b05c52dd98ffb0e,[ 1.0584      0.          0.         61.99877661]
102bad7d05287b7b4828cdc78900d48ba8880483,[ 0.          0.          0.04068032 10.49702846]
cb5bf86d45125e08c019664618ee269b0535d8fd,[5.67968798e+00 3.89625251e-02 7.62134927e-01 8.32492082e+01]
0a120fdf5d8e87847e2ab1f8ef3f2fda00f245a3,[0.         0.         0.07834488 0.        ]
00335857f5b96c5527be66dd282c673e39cf93d3,[ 0.     11.1724  0.      0.    ]
815a84fbfc85e5150f552ed1e00ea25b4d0825b3,[47.1158238  14.23694533  0.          0.        ]
3e91e64b44a1afeea6fb04e7901457c397ddcc2a,[3.17767344 0.         0.         0.        ]
8c615fb6154430b59c3b0104357570063ff9e012,[ 0.6        0.        19.6560362  0.       ]
f5bc1bba187fae84b1d3a3bf02f44355f3923f07,[50.39050102 20.5318      0.          0.2787082 ]
bba0a36936ecfef13cadb1e5567eab7e8a0e7fa7,[10.9339367  0.         0.         0.       ]
f92baf96cbb2a0ea42fbd99d0c4d8d33a38f1f89,[ 0.65264206 41.84005938  1.68578689  0.9339367 ]
251f49cdf4a24b36697cab2f79f78b9800e5bd8e,[0.        1.2408    0.        0.0924164]
5816f5821570a2cc60ce217700a13cc95af89ef8,[0.  0.  0.6 0. ]
f825b86b6cfeaa793f44a658d03d61137441724d,[10.  0.  0.  0.]
41ebb65d92ce8a638164ce5c3891a3e2ba4ead6f,[0.08217841 0.6        0.         0.        ]
2c682739aa12188f43da5aa706dd9fe8f87e1a11,[ 0.          0.          0.         58.06657885]
ec8bbd83410fc2ac88e2980ca9a99dc472a7eeaa,[ 0.        11.78512   20.3794896  0.       ]
58cfbee3eac75ed621462ac4817e72fef747e362,[0.60286259 0.         0.         0.        ]
7ce5fd81c4d944963474d9e074aa986b29006f9c,[0.        0.        1.9940937 0.       ]
4f773ec3cb178b3909e682bc041e09c007630ec0,[ 0. 10.  0.  0.]
e973a4a093c1b5dba4eb82a6da539bbcb553c118,[10.97547856  0.          0.          0.        ]
6853bbf9fee5aa53c3205661750a8e81b53c5707,[0.         1.58319178 0.         0.        ]
19134c2405bf0ba2262cedc6865093f500044795,[23.53972476  0.         10.          1.37377792]
166435eb4b0f09e4488e21dc776019ae992891b4,[19.31924639  1.14        0.          0.67585592]
a405f67fefbd94f91e3c336a36c80a12d9076d34,[ 4.46047712 19.         10.670344    5.76912647]
ce55da64945afedde728a35a001f1e7313058ed6,[ 0.          2.56119616 10.7071072   0.        ]
d7da60e910264609873df0ff8d47adac63308cca,[23.35490664 22.99149331  3.17611858  0.74035142]
ff3d40955258d951505ac818e70f6cb6da3f6c3e,[ 0.         12.21462878  0.          0.        ]
9329010da9757aaa320a8d3a47a494f08f4db7b2,[ 0.11146992 24.74898672 12.85941434  3.65154531]
f8273b0d4fb16c08752e56b5dfb7b15e583e58f0,[ 0.         11.75940365 13.21492665  2.3748522 ]
82ad667afc6c29ee94444b6942c5053683b75445,[29.31965791  0.          0.          0.        ]
454619210ce16782b4d534ebd50a6ae65d131ce8,[ 0.43184969  0.12906879 10.25890555  0.61553433]
519e8e6da0dcb313ac0bd6cb2afd30a69c32907b,[1.14345032 0.         0.7014696  0.        ]
48edb51c12f07e4d104cf6c7c73222827f798c7d,[ 0.  0. 10.  0.]
ed6780875da68052a45055350953061a42b62f52,[10.  0.  0.  0.]
05abbda2f731f2e045cefd812b9645c6dc7fded5,[10.  0.  0.  0.]
aae113a9f12e1a49135618dd46f14c686c945847,[0. 0. 0. 0.]
f110aff28b10ed14362205f78498883e3d6d4099,[ 0.  0.  0. 10.]
7f06f7cc88cbe8cebcd9b3f40a3e817ae3892455,[0.         0.         0.         0.04696223]
ccdebbb6a4c5370159a28d9689a4f719bda53edf,[21.91266056  0.          0.          0.        ]
b78f9f2dbc4559afa6a1b362f85a574e2ef18f61,[0.         5.69435506 0.5627633  0.86732934]
a73dc4fff1867f07e888ec5930d26791c2020ce7,[ 0.         10.64074346  0.          0.        ]
751af3eeb57702ef7770795752306e93ae35253d,[11.14606037 17.39450067  0.          2.361624  ]
39834a47c9c1b91dffe7f809394b5be6012ef4ae,[ 0.          0.          0.         10.70561908]
ce519bb6c43a8a332fffcf0014c0ca078dc810ae,[ 3.14869444 20.73663294  0.61638792 15.25957539]
0c878e58cd5b6110636d8eb65965065aa6aae43f,[0.25200146 0.         0.         0.67056   ]
8f3ea382b3d81daf2061c9f8bda040593696e0bc,[ 0.  0.  0. 10.]
0be2b58376c3820b9e18efcbc330530626a06ca9,[ 0.         14.65569246  0.          0.        ]
ba95fecd1074b795484032285431848ec5b78c92,[1.16951523 1.88564597 0.         0.        ]
e32823d29339ed1689e950005ef6041419aec4ad,[ 0.       0.       0.      30.32152]
cc07c3779a65fb2f4603822ef621485afffc94fd,[10.52810578  0.          0.          0.        ]
77edd3a7c7bd5125da8453ba14796588c66ab2ca,[ 0.        11.7520936  0.         0.       ]
4cb82b6e1522e000ba9c5036a86e230640ee50b1,[ 0.          0.          0.         11.69523601]
6ee0394364f3a591420e57069805e210ba5d3b4c,[0. 0. 0. 0.]
a5bb4f71fe2a9340736f8b69ce88036a9a15bd9b,[9.36833837e-03 1.03819286e+01 1.29613897e+00 0.00000000e+00]
f01e9e99fa4fe7feb0eac0b989d9101d329ad029,[2.22703482e-01 2.95842264e-04 0.00000000e+00 1.19257967e+01]
b43ebc95a83b5f970df25503dd4da5293669dc0c,[0.00936834 0.         0.         0.        ]
cd3f603c284b7832b0cb2a599e3d5b1216550a61,[ 0.54314272 10.66521632  7.3329953   2.1505819 ]
571e5dad0e7bf548c07524d8eb88e9e02c1f6a78,[1.15553433 0.         0.         0.036     ]
29aa07717f4fd2f1f9d07153094da6cc12a5df0d,[0. 0. 0. 0.]
c481cbe0ff0a87265661af7cb8b9b5d9415569e9,[14.96909096  0.29151122  2.67758149  1.18631924]
7f5c2be0652b79a200e33242a65b1fd0b212e9c3,[1.1578802  4.27159816 5.94498865 0.        ]
dc6f016126016d366467e290fcfcdef8f94b16db,[10.51004876  0.          5.55458754  0.        ]
518da175886752f8f8d5e6bde2be691b6e235273,[ 0.  0. 10.  0.]
ca276afa3474cf663cb02f3e8ce59393510359b1,[0. 0. 0. 0.]
a9b68a7d98e393ee3231a2c6aad3062eaa97b76e,[10.07056  0.       0.       0.     ]
7a428c3ab047fa034d9271935f2717d6537c2280,[ 0.95610775  0.          0.         12.6471219 ]
1544fd9860cf4d2486981955807279f55b5f80e6,[0.25200146 0.         3.45681135 5.82991663]
e25b0730b32706c41e18f854b14f736b09633508,[10.63952794  4.14220565 43.02378679  3.16783745]
b681777c5c44b98f5b2ae17144c5bed2120ee066,[ 0.         12.33919028  0.67447086  1.2161976 ]
74f9b4a6ffb1da8e5b2a2c9865bc6c9b878a61b0,[0.00244082 0.         0.         0.        ]
485d5a072db10947af9d92432905c139b44f04e7,[10.23142581  0.          0.          0.        ]
1159108ebede0c92ee06eb04ce2a0b64519f0818,[0.         0.         0.         4.01075828]
a545db03364e8e8e5488612f6c3ec2ef2b69d35b,[1.1712076  4.64513662 2.41446657 0.        ]
8cdf8cfee7a7878a52c033c0e56687505689c938,[11.23695813  0.          0.          0.        ]
826a4cd0b8f3cc9a1480f8131b942f9310795f66,[5.06546725 0.         0.         0.        ]
0af5b87f5555303e1569454acd609b41e7dc5f07,[ 0.         12.33919028  0.          0.        ]
ec2b0088ebded7810e4c5a34483bfc3b36577873,[0. 0. 0. 0.]
ecb5e9e85589a850b9a18213fec9f4897a7c6bb8,[ 0.         12.5859472  15.04281141  0.        ]
35acc50bfad3adfc87409144338ccaebd44c3b64,[ 0.          4.17350246 10.          0.        ]
19c47ef5fb93c07e58d7d7b896aeece43c12180f,[ 0.       0.      11.21056  0.     ]
00e4e513656141f56b7134acc2c7340466aaade6,[ 5.00369888  0.          0.         10.        ]
7347d19f3af53a5ec52c1d2beac72a728b900cac,[ 0.         14.62467621  0.         13.43305242]
e181ee8b5678273538fb527bbea85145b5056d69,[12.13386064  0.          0.          0.        ]
c3e87671aff92afeee9c6304a6695567f9e597d0,[ 0.          0.          0.         10.05736646]
b3deb78bdd4e18e5b3d186973ccc896d03bcab89,[0.         3.09814847 0.         0.        ]
af360fed5fd37bd4e3cfc38672ad768cf748209f,[0.         0.20055508 2.57834829 0.        ]
7e03f3416dd010c257d75b22356c683617df903f,[0.         0.28393261 0.         0.        ]
683c6ce74e29d22d25072819f316de90c0fcf641,[10.       0.67056  0.      11.176  ]
3110cb71877a56c2c4ba76fdf799bdfad066a9b9,[10.6  0.   0.   0. ]
ddc03a1d491281500690af2136eb0b6c7259932b,[0.6 0.  0.  0. ]
91b531a6f44580cdbba693c752da17545f349df5,[ 0.10512562  0.         10.2989207  27.0115283 ]
69c8eab4c70f38e921b654e67005473a21cab06b,[10.          0.          0.52753784  0.        ]
0bc0b5a89b4bab52b661b07333df49c5f695b4e7,[1.77393992 0.08291478 1.75684396 0.        ]
61634d451c861331f13ad5e1ed3658f1748db989,[64.9577482   5.53242402  4.1959541   1.61909091]
744298f83741ec2573133d231b886829253c3c30,[ 0.         10.26273918  0.          0.        ]
3161258d1aa6429a7f02cf95c3589256a92145e6,[0. 0. 0. 0.]
bba4e1db521d948952505922a8e0230edc6cb970,[ 0.          0.          0.         13.46235156]
98e5030b89b77d188ee8e71db547e58e1be97ea4,[10.  0.  0.  0.]
b9376307a34044aed5420185ff3766c677fda71c,[ 0.          0.          0.         10.61341801]
44ba3192fc6d606247f19e5b937861a86c7eaa78,[ 1.36361334  2.14785666 23.49096791  0.2703991 ]
e7289202509469878aa66e9db2c6a1462a6bb498,[ 0.         12.35917682 24.96849172  0.33457273]
1bdd8b53302a0c26ed14c9654b84006777d8adc5,[ 0.          0.84789441 11.2084      0.        ]
10c1fd905483bebc20db396f28bd29b73cefdb00,[ 4.93805036  0.04250855 11.80793145  0.        ]
37aa3fe89cc3fd4e8561c7c4d18ab3f009834402,[20.30963082  0.          0.          0.        ]
fded6386f4c9b44906abc13782c0d6077452171d,[0.         0.         1.71731963 0.53084224]
7113e81b0b994588542121159dd6281b3314cafb,[ 0.          0.33936968 28.83342786  1.33280483]
20e14cb5c6bff9707ea200584338d87d4fe160fa,[0. 0. 0. 0.]
53907742d722ab70c619858f3f326ba1177ac078,[ 0.         14.41939535  0.23491197  0.        ]
b3125fff1ce3493089bf82895193ba34133fee77,[1.66787248 0.         0.         0.        ]
e5ce49c42dc518ba1139241b0a4cea33f341cb64,[1.2084 0.     0.     0.    ]
02ce7e99a86580b8dcdf4bb967fea6da48ac9491,[10.1055553  0.         0.         0.       ]
d4bf35dea43098202347b4bd0607cedc91597422,[ 2.34149902 10.36087754  0.35611847  0.28393261]
28aa755f168b22f653f1cd8281659447aaa7c0a7,[ 0.          0.         11.74686558  2.99388328]
fdd6bbc311b1ef4d20cdf0af60a0e7a2b133e1d2,[ 0.          0.          0.         13.33908944]
c7a7b73e14480c15c8fe60cede131b0898adad3e,[2.91930836 0.         0.64612315 0.        ]
de426837ccad8f54c4892e41c59349a9f9765a38,[0. 0. 0. 0.]
2f6eece0a7943a1e99c733a415e59386b440901e,[ 0.       10.189468  0.        0.      ]
22de3ddc7d1827803a1add9452061919b48c0337,[0. 0. 0. 0.]
6a9fd4873adefb7c90429094569b20c3505ba877,[ 0.  0.  0. 10.]
ac556706fa88ace8aa55e913226f31f00c423b87,[16.14667131  0.          0.          0.        ]
a4d686f8d60575d1e828a41396e2c822024ccd88,[0.         0.23661363 0.         0.        ]
928749423b08dbcfa0fb005acb503a04cb46375a,[ 0.42491161 10.59280616  0.2312006   0.        ]
dc2737576f86f8cd9a74ad94ba07d7c00dd2384b,[0. 0. 0. 0.]
3d740ab773ecf684de59a66e27fd99ad41230abd,[10.64730872  0.          0.          0.57792729]
07769f101ad27a615d8ff0db572ed652be600893,[1.94512304 0.         0.         0.        ]
73dac29082a5c780afce1ef7c67059bdb79d58df,[21.688  0.     0.     0.   ]
4ec443489a4eff79eb87a82fa8cdca89ce32a17d,[1.65882161 0.         0.         0.        ]
048be7cd395f4e61b34cdf2a145a63c839746d5e,[0. 0. 0. 0.]
4492933cd022e53d4569fa2e33488c2a8dfde35d,[19.58454016  0.          0.          0.        ]
eb4b0da60be84b364848f5e91c436fef12d8b5ed,[0.         0.         0.         0.36087754]
50745118df00a69d40833bf26c25ceae599d5b98,[2.61332902 0.         0.         4.6982748 ]
1aaa543c7a29b341158f0dbcc912ef8c1681ece6,[2.29596 0.      0.      0.     ]
07d428f5e5a40b755f00f3a7d5694260d862f70a,[10.03816  0.       0.       0.     ]
549c7881e8fd6d4c068078b273225fe4b029961f,[ 0.1740321   0.          0.01545082 11.36361334]
997738ed74ba494fd68ee0be7f7592dbbde561bc,[ 3.24537208 14.10646605  0.64612315  0.        ]
1bb15ecb02d02843c4cfd7b9b7b03571b279a963,[3.30729775 0.         0.         0.        ]
73f968c6d24bec9dcbbab8cd31465512db19d20e,[0. 0. 0. 0.]
7dd35691973984a36031ff0364d0fe7f1ef03a47,[0.29131192 0.         0.         0.        ]
225a36887733075fb7d830487858b89f4ff35841,[2.82306988 0.         0.         0.        ]
004f2f1323c153e491072343762af29167d8402e,[2.82306988 0.         5.36383277 0.        ]
8b06013c54f6d1e2a22293c27af66439d957301b,[0.         0.         1.05874847 0.        ]
d4986a921ce5b54b685d9f8b47b6ab3834091974,[10.61613734  0.          0.          0.        ]
08834128d69b4b86f73898eaf78ebe03aa6c5aa0,[10.  0.  0.  0.]
ccc9d56fe9408dfe2b730fe2ac8efe5dbaeaeb13,[ 0.          0.          0.         10.31415012]
25d2a94d26fa353eb638e740670cf40f60599416,[10.  0.  0.  0.]
1431bb2c6a29f7428ca5fb695ef8d9c2c1ad5a85,[ 0.          0.         10.62291572  0.        ]
b51a9d544cb459448e2e3a1dab655aad259476a2,[5.72662692 0.         0.25218429 0.        ]
3699d2d0758e13b707ac84a2ba2412d567f62c63,[0.         0.         0.         0.04415587]
eae3295683b240a4fde0142ff495540b6a90c04b,[2.24945181 0.         0.         0.        ]
026febb1551512de1bc63e076dc5f3e3f53d0917,[4.02778294 0.         0.         6.30413673]
0453a866215c189c9e3f13cb9217c96d6958399a,[ 0. 10.  0.  0.]
5ca861b70805ee44ae172a62ec0b68559da8fe14,[ 0.          0.         14.14371091  0.        ]
